[{"model": "auth.permission", "pk": 1, "fields": {"name": "Can add log entry", "content_type": 1, "codename": "add_logentry"}}, {"model": "auth.permission", "pk": 2, "fields": {"name": "Can change log entry", "content_type": 1, "codename": "change_logentry"}}, {"model": "auth.permission", "pk": 3, "fields": {"name": "Can delete log entry", "content_type": 1, "codename": "delete_logentry"}}, {"model": "auth.permission", "pk": 4, "fields": {"name": "Can view log entry", "content_type": 1, "codename": "view_logentry"}}, {"model": "auth.permission", "pk": 5, "fields": {"name": "Can add permission", "content_type": 2, "codename": "add_permission"}}, {"model": "auth.permission", "pk": 6, "fields": {"name": "Can change permission", "content_type": 2, "codename": "change_permission"}}, {"model": "auth.permission", "pk": 7, "fields": {"name": "Can delete permission", "content_type": 2, "codename": "delete_permission"}}, {"model": "auth.permission", "pk": 8, "fields": {"name": "Can view permission", "content_type": 2, "codename": "view_permission"}}, {"model": "auth.permission", "pk": 9, "fields": {"name": "Can add group", "content_type": 3, "codename": "add_group"}}, {"model": "auth.permission", "pk": 10, "fields": {"name": "Can change group", "content_type": 3, "codename": "change_group"}}, {"model": "auth.permission", "pk": 11, "fields": {"name": "Can delete group", "content_type": 3, "codename": "delete_group"}}, {"model": "auth.permission", "pk": 12, "fields": {"name": "Can view group", "content_type": 3, "codename": "view_group"}}, {"model": "auth.permission", "pk": 13, "fields": {"name": "Can add user", "content_type": 4, "codename": "add_user"}}, {"model": "auth.permission", "pk": 14, "fields": {"name": "Can change user", "content_type": 4, "codename": "change_user"}}, {"model": "auth.permission", "pk": 15, "fields": {"name": "Can delete user", "content_type": 4, "codename": "delete_user"}}, {"model": "auth.permission", "pk": 16, "fields": {"name": "Can view user", "content_type": 4, "codename": "view_user"}}, {"model": "auth.permission", "pk": 17, "fields": {"name": "Can add content type", "content_type": 5, "codename": "add_contenttype"}}, {"model": "auth.permission", "pk": 18, "fields": {"name": "Can change content type", "content_type": 5, "codename": "change_contenttype"}}, {"model": "auth.permission", "pk": 19, "fields": {"name": "Can delete content type", "content_type": 5, "codename": "delete_contenttype"}}, {"model": "auth.permission", "pk": 20, "fields": {"name": "Can view content type", "content_type": 5, "codename": "view_contenttype"}}, {"model": "auth.permission", "pk": 21, "fields": {"name": "Can add session", "content_type": 6, "codename": "add_session"}}, {"model": "auth.permission", "pk": 22, "fields": {"name": "Can change session", "content_type": 6, "codename": "change_session"}}, {"model": "auth.permission", "pk": 23, "fields": {"name": "Can delete session", "content_type": 6, "codename": "delete_session"}}, {"model": "auth.permission", "pk": 24, "fields": {"name": "Can view session", "content_type": 6, "codename": "view_session"}}, {"model": "auth.permission", "pk": 25, "fields": {"name": "Can add Token", "content_type": 7, "codename": "add_token"}}, {"model": "auth.permission", "pk": 26, "fields": {"name": "Can change Token", "content_type": 7, "codename": "change_token"}}, {"model": "auth.permission", "pk": 27, "fields": {"name": "Can delete Token", "content_type": 7, "codename": "delete_token"}}, {"model": "auth.permission", "pk": 28, "fields": {"name": "Can view Token", "content_type": 7, "codename": "view_token"}}, {"model": "auth.permission", "pk": 29, "fields": {"name": "Can add token", "content_type": 8, "codename": "add_tokenproxy"}}, {"model": "auth.permission", "pk": 30, "fields": {"name": "Can change token", "content_type": 8, "codename": "change_tokenproxy"}}, {"model": "auth.permission", "pk": 31, "fields": {"name": "Can delete token", "content_type": 8, "codename": "delete_tokenproxy"}}, {"model": "auth.permission", "pk": 32, "fields": {"name": "Can view token", "content_type": 8, "codename": "view_tokenproxy"}}, {"model": "auth.permission", "pk": 33, "fields": {"name": "Can add answer option", "content_type": 9, "codename": "add_answeroption"}}, {"model": "auth.permission", "pk": 34, "fields": {"name": "Can change answer option", "content_type": 9, "codename": "change_answeroption"}}, {"model": "auth.permission", "pk": 35, "fields": {"name": "Can delete answer option", "content_type": 9, "codename": "delete_answeroption"}}, {"model": "auth.permission", "pk": 36, "fields": {"name": "Can view answer option", "content_type": 9, "codename": "view_answeroption"}}, {"model": "auth.permission", "pk": 37, "fields": {"name": "Can add project", "content_type": 10, "codename": "add_project"}}, {"model": "auth.permission", "pk": 38, "fields": {"name": "Can change project", "content_type": 10, "codename": "change_project"}}, {"model": "auth.permission", "pk": 39, "fields": {"name": "Can delete project", "content_type": 10, "codename": "delete_project"}}, {"model": "auth.permission", "pk": 40, "fields": {"name": "Can view project", "content_type": 10, "codename": "view_project"}}, {"model": "auth.permission", "pk": 41, "fields": {"name": "Can add question", "content_type": 11, "codename": "add_question"}}, {"model": "auth.permission", "pk": 42, "fields": {"name": "Can change question", "content_type": 11, "codename": "change_question"}}, {"model": "auth.permission", "pk": 43, "fields": {"name": "Can delete question", "content_type": 11, "codename": "delete_question"}}, {"model": "auth.permission", "pk": 44, "fields": {"name": "Can view question", "content_type": 11, "codename": "view_question"}}, {"model": "auth.permission", "pk": 45, "fields": {"name": "Can add respondents answer data", "content_type": 12, "codename": "add_respondentsanswerdata"}}, {"model": "auth.permission", "pk": 46, "fields": {"name": "Can change respondents answer data", "content_type": 12, "codename": "change_respondentsanswerdata"}}, {"model": "auth.permission", "pk": 47, "fields": {"name": "Can delete respondents answer data", "content_type": 12, "codename": "delete_respondentsanswerdata"}}, {"model": "auth.permission", "pk": 48, "fields": {"name": "Can view respondents answer data", "content_type": 12, "codename": "view_respondentsanswerdata"}}, {"model": "auth.permission", "pk": 49, "fields": {"name": "Can add users answers", "content_type": 13, "codename": "add_usersanswers"}}, {"model": "auth.permission", "pk": 50, "fields": {"name": "Can change users answers", "content_type": 13, "codename": "change_usersanswers"}}, {"model": "auth.permission", "pk": 51, "fields": {"name": "Can delete users answers", "content_type": 13, "codename": "delete_usersanswers"}}, {"model": "auth.permission", "pk": 52, "fields": {"name": "Can view users answers", "content_type": 13, "codename": "view_usersanswers"}}, {"model": "auth.permission", "pk": 53, "fields": {"name": "Can add survey", "content_type": 14, "codename": "add_survey"}}, {"model": "auth.permission", "pk": 54, "fields": {"name": "Can change survey", "content_type": 14, "codename": "change_survey"}}, {"model": "auth.permission", "pk": 55, "fields": {"name": "Can delete survey", "content_type": 14, "codename": "delete_survey"}}, {"model": "auth.permission", "pk": 56, "fields": {"name": "Can view survey", "content_type": 14, "codename": "view_survey"}}, {"model": "auth.permission", "pk": 57, "fields": {"name": "Can add respondents survey status data", "content_type": 15, "codename": "add_respondentssurveystatusdata"}}, {"model": "auth.permission", "pk": 58, "fields": {"name": "Can change respondents survey status data", "content_type": 15, "codename": "change_respondentssurveystatusdata"}}, {"model": "auth.permission", "pk": 59, "fields": {"name": "Can delete respondents survey status data", "content_type": 15, "codename": "delete_respondentssurveystatusdata"}}, {"model": "auth.permission", "pk": 60, "fields": {"name": "Can view respondents survey status data", "content_type": 15, "codename": "view_respondentssurveystatusdata"}}, {"model": "auth.user", "pk": 1, "fields": {"password": "pbkdf2_sha256$260000$AYrtmrGjr3Ap5IkhMUbB9x$t/isrH8vE/hvpX2lV6ZcvsSru6gq+/CrX/DOjhu6Zkc=", "last_login": "2021-11-06T17:14:55.892Z", "is_superuser": true, "username": "admin", "first_name": "", "last_name": "", "email": "", "is_staff": true, "is_active": true, "date_joined": "2021-11-02T20:26:00.725Z", "groups": [], "user_permissions": []}}, {"model": "auth.user", "pk": 2, "fields": {"password": "pbkdf2_sha256$260000$FcRrhbQWmA16cIKVCkIsTV$XuhLKISHIDm38oroJy+x/oYfQRP/UnkFh+i+Q+9AuJY=", "last_login": null, "is_superuser": false, "username": "user", "first_name": "user", "last_name": "user", "email": "user@user.user", "is_staff": false, "is_active": true, "date_joined": "2021-11-02T20:39:45.473Z", "groups": [], "user_permissions": []}}, {"model": "contenttypes.contenttype", "pk": 1, "fields": {"app_label": "admin", "model": "logentry"}}, {"model": "contenttypes.contenttype", "pk": 2, "fields": {"app_label": "auth", "model": "permission"}}, {"model": "contenttypes.contenttype", "pk": 3, "fields": {"app_label": "auth", "model": "group"}}, {"model": "contenttypes.contenttype", "pk": 4, "fields": {"app_label": "auth", "model": "user"}}, {"model": "contenttypes.contenttype", "pk": 5, "fields": {"app_label": "contenttypes", "model": "contenttype"}}, {"model": "contenttypes.contenttype", "pk": 6, "fields": {"app_label": "sessions", "model": "session"}}, {"model": "contenttypes.contenttype", "pk": 7, "fields": {"app_label": "authtoken", "model": "token"}}, {"model": "contenttypes.contenttype", "pk": 8, "fields": {"app_label": "authtoken", "model": "tokenproxy"}}, {"model": "contenttypes.contenttype", "pk": 9, "fields": {"app_label": "survey", "model": "answeroption"}}, {"model": "contenttypes.contenttype", "pk": 10, "fields": {"app_label": "survey", "model": "project"}}, {"model": "contenttypes.contenttype", "pk": 11, "fields": {"app_label": "survey", "model": "question"}}, {"model": "contenttypes.contenttype", "pk": 12, "fields": {"app_label": "survey", "model": "respondentsanswerdata"}}, {"model": "contenttypes.contenttype", "pk": 13, "fields": {"app_label": "survey", "model": "usersanswers"}}, {"model": "contenttypes.contenttype", "pk": 14, "fields": {"app_label": "survey", "model": "survey"}}, {"model": "contenttypes.contenttype", "pk": 15, "fields": {"app_label": "survey", "model": "respondentssurveystatusdata"}}, {"model": "sessions.session", "pk": "fie1nmize2qwi55tkityhxol3w7odhg0", "fields": {"session_data": ".eJxVjDsOwjAQBe_iGln-fyjpOYO13nVwANlSnFSIu0OkFNC-mXkvlmBba9pGWdJM7MwkO_1uGfBR2g7oDu3WOfa2LnPmu8IPOvi1U3leDvfvoMKo31p4J60GDzZi9FE50iFPSisHpCFIG6VQ0RgSLk_CFPSGQKFxEoMAJdj7A7VoNtI:1mjPHM:lLnWlWpw3DtunBoATOe6gawQHtxue7lQCbkGaPhhFUA", "expire_date": "2021-11-20T17:14:56.006Z"}}, {"model": "survey.answeroption", "pk": 1, "fields": {"text": "Мужской", "value": 1}}, {"model": "survey.answeroption", "pk": 2, "fields": {"text": "Мужской", "value": 1}}, {"model": "survey.answeroption", "pk": 3, "fields": {"text": "Женский", "value": 2}}, {"model": "survey.answeroption", "pk": 4, "fields": {"text": "20-24", "value": 1}}, {"model": "survey.answeroption", "pk": 5, "fields": {"text": "25-34", "value": 2}}, {"model": "survey.answeroption", "pk": 6, "fields": {"text": "35-44", "value": 3}}, {"model": "survey.answeroption", "pk": 7, "fields": {"text": "45-54", "value": 4}}, {"model": "survey.answeroption", "pk": 8, "fields": {"text": "55+", "value": 5}}, {"model": "survey.answeroption", "pk": 9, "fields": {"text": "LADA", "value": 1}}, {"model": "survey.answeroption", "pk": 10, "fields": {"text": "Volga (GAZ)", "value": 2}}, {"model": "survey.answeroption", "pk": 11, "fields": {"text": "BMW", "value": 3}}, {"model": "survey.answeroption", "pk": 12, "fields": {"text": "AUDI", "value": 4}}, {"model": "survey.answeroption", "pk": 13, "fields": {"text": "Mersedes-Benz", "value": 5}}, {"model": "survey.answeroption", "pk": 14, "fields": {"text": "Skoda", "value": 6}}, {"model": "survey.answeroption", "pk": 15, "fields": {"text": "Geely", "value": 7}}, {"model": "survey.answeroption", "pk": 16, "fields": {"text": "Opel", "value": 8}}, {"model": "survey.answeroption", "pk": 17, "fields": {"text": "Другие", "value": 99}}, {"model": "survey.answeroption", "pk": 18, "fields": {"text": "1", "value": 2}}, {"model": "survey.answeroption", "pk": 19, "fields": {"text": "1", "value": 2}}, {"model": "survey.answeroption", "pk": 20, "fields": {"text": "BMW", "value": 1}}, {"model": "survey.answeroption", "pk": 21, "fields": {"text": "AUDI", "value": 2}}, {"model": "survey.answeroption", "pk": 22, "fields": {"text": "Mersedes-Benz", "value": 3}}, {"model": "survey.answeroption", "pk": 23, "fields": {"text": "Skoda", "value": 4}}, {"model": "survey.answeroption", "pk": 24, "fields": {"text": "Geely", "value": 5}}, {"model": "survey.answeroption", "pk": 25, "fields": {"text": "Kia", "value": 6}}, {"model": "survey.answeroption", "pk": 26, "fields": {"text": "Toyota", "value": 7}}, {"model": "survey.answeroption", "pk": 27, "fields": {"text": "Другие", "value": 99}}, {"model": "survey.answeroption", "pk": 28, "fields": {"text": "Утюг", "value": 1}}, {"model": "survey.answeroption", "pk": 29, "fields": {"text": "Робот-пылесос", "value": 2}}, {"model": "survey.answeroption", "pk": 30, "fields": {"text": "Беспроводные наушники", "value": 3}}, {"model": "survey.answeroption", "pk": 31, "fields": {"text": "Система \"Умный дом\"", "value": 4}}, {"model": "survey.answeroption", "pk": 32, "fields": {"text": "Чайник", "value": 5}}, {"model": "survey.answeroption", "pk": 33, "fields": {"text": "Ноутбук", "value": 6}}, {"model": "survey.question", "pk": 1, "fields": {"title": "Ваш пол?", "help_desc": "", "type": "single", "answer_option": [2, 3]}}, {"model": "survey.question", "pk": 2, "fields": {"title": "Ваш возраст?", "help_desc": "", "type": "single", "answer_option": [4, 5, 6, 7, 8]}}, {"model": "survey.question", "pk": 3, "fields": {"title": "Ваши любимые бренды автомобилей", "help_desc": "", "type": "multiple", "answer_option": [9, 10, 11, 12, 13, 14, 15, 16, 17]}}, {"model": "survey.question", "pk": 4, "fields": {"title": "Ваши любимые бренды автомобилей", "help_desc": "", "type": "single", "answer_option": [18, 19]}}, {"model": "survey.question", "pk": 5, "fields": {"title": "Ваши любимые бренды автомобилей", "help_desc": "", "type": "single", "answer_option": [20, 21, 22, 23, 24, 25, 26, 27]}}, {"model": "survey.question", "pk": 6, "fields": {"title": "Что из перечисленного есть у вас в пользовании", "help_desc": "", "type": "multiple", "answer_option": [28, 29, 30, 31, 32, 33]}}, {"model": "survey.project", "pk": 1, "fields": {"owner": 1, "title": "Тестовый опрос №1", "description": "Тестовый опрос для проверки показа вопросов, работоспособности компонента с опросом", "publication_date": "2021-11-06", "closing_date": "2021-11-14", "life_time_value": 60, "is_active": true, "complete_code": "26a0fd93-2313-48db-9b60-4a92da65c20f"}}, {"model": "survey.project", "pk": 2, "fields": {"owner": 1, "title": "Тестовый опрос №2", "description": "Тестовый опрос №2", "publication_date": "2021-11-06", "closing_date": "2021-11-07", "life_time_value": 60, "is_active": true, "complete_code": "0785a0d1-4ada-4a13-8c42-54bd74618419"}}, {"model": "survey.survey", "pk": "1_1", "fields": {"project": 1, "question": 1, "weight": 5}}, {"model": "survey.survey", "pk": "1_2", "fields": {"project": 1, "question": 2, "weight": 5}}, {"model": "survey.survey", "pk": "1_6", "fields": {"project": 1, "question": 6, "weight": 50}}, {"model": "survey.survey", "pk": "2_1", "fields": {"project": 2, "question": 1, "weight": 60}}, {"model": "survey.survey", "pk": "2_2", "fields": {"project": 2, "question": 2, "weight": 15}}, {"model": "survey.survey", "pk": "2_5", "fields": {"project": 2, "question": 5, "weight": 20}}]